name,x,y,width,height,offset,partial
fill,27,42,177,96,0,464
thin-border,244,42,177,96,50976,799
inset,462,42,177,96,101952,4662
corners-0,27,192,177,96,152928,501
corners-1,244,192,177,96,203904,490
corners-2,462,192,177,96,254880,490
corners-3,679,192,177,96,305856,482
corners-4,897,192,177,96,356832,493
corners-5,27,342,177,96,407808,485
corners-6,244,342,177,96,458784,483
joined-border-6,897,642,177,96,509760,822
corners-7,462,342,177,96,560736,474
corners-8,679,342,177,96,611712,493
corners-9,897,342,177,96,662688,483
joined-border-9,679,642,177,96,713664,822
corners-10,27,492,177,96,764640,480
corners-11,244,492,177,96,815616,474
corners-12,462,492,177,96,866592,483
corners-13,679,492,177,96,917568,472
corners-14,897,492,177,96,968544,472
corners-15,27,642,177,96,1019520,464
translated-clip,462,642,177,96,1070496,382
