run,node_count,dirty_count,queued,quad_ranges,atlas_entries,queue_cpu_us,quad_collect_cpu_us,quad_plan_cpu_us,atlas_lookup_cpu_us
1,1024,256,256,256,1024,9,82,0,533
1,4096,256,256,256,4096,15,74,0,2131
1,4096,1024,1024,1024,4096,114,1337,0,8589
1,16384,256,256,256,16384,21,80,0,8542
1,16384,4096,4096,4096,16384,1317,24876,0,139064
2,1024,256,256,256,1024,10,82,0,534
2,4096,256,256,256,4096,19,76,0,2131
2,4096,1024,1024,1024,4096,119,1352,0,8548
2,16384,256,256,256,16384,24,78,0,8532
2,16384,4096,4096,4096,16384,1302,24022,0,139035
3,1024,256,256,256,1024,9,75,0,533
3,4096,256,256,256,4096,11,75,0,2130
3,4096,1024,1024,1024,4096,128,1358,0,8588
3,16384,256,256,256,16384,20,78,0,8556
3,16384,4096,4096,4096,16384,1332,24138,0,138342
4,1024,256,256,256,1024,9,74,0,533
4,4096,256,256,256,4096,12,75,0,2131
4,4096,1024,1024,1024,4096,123,1341,0,8545
4,16384,256,256,256,16384,22,77,0,8538
4,16384,4096,4096,4096,16384,1323,24166,0,138434
5,1024,256,256,256,1024,13,83,0,576
5,4096,256,256,256,4096,20,76,0,2130
5,4096,1024,1024,1024,4096,148,1334,0,8552
5,16384,256,256,256,16384,20,81,0,8528
5,16384,4096,4096,4096,16384,1314,24092,0,138979
