name,size,rtl,cycle,phase,checked,time_us,x,y,width,height,crop_left,crop_top,crop_right,crop_bottom
ltr-middle-0-base,middle,0,0,base,0,4180000,14,70,18,18,10,80,110,118
ltr-middle-0-press-0,middle,0,0,press-0,0,4180000,14,70,18,18,10,80,110,118
ltr-middle-0-press-50,middle,0,0,press-50,0,4230000,14,70,18.6974754,18,10,80,110,118
ltr-middle-0-held-200,middle,0,0,held-200,0,4380000,14,70,23.3999996,18,10,80,110,118
ltr-middle-0-release-0,middle,0,0,release-0,1,4380000,14,70,23.3999996,18,10,80,110,118
ltr-middle-0-release-50,middle,0,0,release-50,1,4430000,20.4580975,70,22.7025261,18,10,80,110,118
ltr-middle-0-settled-200,middle,0,0,settled-200,1,4580000,64,70,18,18,10,80,110,118
ltr-middle-1-base,middle,0,1,base,1,4980000,64,70,18,18,10,80,110,118
ltr-middle-1-press-0,middle,0,1,press-0,1,4980000,64,70,18,18,10,80,110,118
ltr-middle-1-press-50,middle,0,1,press-50,1,5030000,63.3025246,70,18.6974754,18,10,80,110,118
ltr-middle-1-held-200,middle,0,1,held-200,1,5180000,58.5999985,70,23.3999996,18,10,80,110,118
ltr-middle-1-release-0,middle,0,1,release-0,0,5180000,58.5999985,70,23.3999996,18,10,80,110,118
ltr-middle-1-release-50,middle,0,1,release-50,0,5230000,52.8393745,70,22.7025261,18,10,80,110,118
ltr-middle-1-settled-200,middle,0,1,settled-200,0,5380000,14,70,18,18,10,80,110,118
ltr-small-0-base,small,0,0,base,0,5780000,14,130,12,12,10,155,75,185
ltr-small-0-press-0,small,0,0,press-0,0,5780000,14,130,12,12,10,155,75,185
ltr-small-0-press-50,small,0,0,press-50,0,5830000,14,130,12.464983,12,10,155,75,185
ltr-small-0-held-200,small,0,0,held-200,0,5980000,14,130,15.6000004,12,10,155,75,185
ltr-small-0-release-0,small,0,0,release-0,1,5980000,14,130,15.6000004,12,10,155,75,185
ltr-small-0-release-50,small,0,0,release-50,1,6030000,17.6165352,130,15.1350174,12,10,155,75,185
ltr-small-0-settled-200,small,0,0,settled-200,1,6180000,42,130,12,12,10,155,75,185
ltr-small-1-base,small,0,1,base,1,6580000,42,130,12,12,10,155,76,185
ltr-small-1-press-0,small,0,1,press-0,1,6580000,42,130,12,12,10,155,76,185
ltr-small-1-press-50,small,0,1,press-50,1,6630000,41.5350189,130,12.464983,12,10,155,76,185
ltr-small-1-held-200,small,0,1,held-200,1,6780000,38.4000015,130,15.6000004,12,10,155,76,185
ltr-small-1-release-0,small,0,1,release-0,0,6780000,38.4000015,130,15.6000004,12,10,155,76,185
ltr-small-1-release-50,small,0,1,release-50,0,6830000,35.2484474,130,15.1350174,12,10,155,76,185
ltr-small-1-settled-200,small,0,1,settled-200,0,6980000,14,130,12,12,10,155,76,185
rtl-middle-0-base,middle,1,0,base,0,7380000,64,70,18,18,10,80,110,118
rtl-middle-0-press-0,middle,1,0,press-0,0,7380000,64,70,18,18,10,80,110,118
rtl-middle-0-press-50,middle,1,0,press-50,0,7430000,63.3025246,70,18.6974754,18,10,80,110,118
rtl-middle-0-held-200,middle,1,0,held-200,0,7580000,58.5999985,70,23.3999996,18,10,80,110,118
rtl-middle-0-release-0,middle,1,0,release-0,1,7580000,58.5999985,70,23.3999996,18,10,80,110,118
rtl-middle-0-release-50,middle,1,0,release-50,1,7630000,52.8393745,70,22.7025261,18,10,80,110,118
rtl-middle-0-settled-200,middle,1,0,settled-200,1,7780000,14,70,18,18,10,80,110,118
rtl-middle-1-base,middle,1,1,base,1,8180000,14,70,18,18,10,80,110,118
rtl-middle-1-press-0,middle,1,1,press-0,1,8180000,14,70,18,18,10,80,110,118
rtl-middle-1-press-50,middle,1,1,press-50,1,8230000,14,70,18.6974754,18,10,80,110,118
rtl-middle-1-held-200,middle,1,1,held-200,1,8380000,14,70,23.3999996,18,10,80,110,118
rtl-middle-1-release-0,middle,1,1,release-0,0,8380000,14,70,23.3999996,18,10,80,110,118
rtl-middle-1-release-50,middle,1,1,release-50,0,8430000,20.4580975,70,22.7025261,18,10,80,110,118
rtl-middle-1-settled-200,middle,1,1,settled-200,0,8580000,64,70,18,18,10,80,110,118
rtl-small-0-base,small,1,0,base,0,8980000,42,130,12,12,10,155,76,185
rtl-small-0-press-0,small,1,0,press-0,0,8980000,42,130,12,12,10,155,76,185
rtl-small-0-press-50,small,1,0,press-50,0,9030000,41.5350189,130,12.464983,12,10,155,76,185
rtl-small-0-held-200,small,1,0,held-200,0,9180000,38.4000015,130,15.6000004,12,10,155,76,185
rtl-small-0-release-0,small,1,0,release-0,1,9180000,38.4000015,130,15.6000004,12,10,155,76,185
rtl-small-0-release-50,small,1,0,release-50,1,9230000,35.2484474,130,15.1350174,12,10,155,76,185
rtl-small-0-settled-200,small,1,0,settled-200,1,9380000,14,130,12,12,10,155,76,185
rtl-small-1-base,small,1,1,base,1,9780000,14,130,12,12,10,155,75,185
rtl-small-1-press-0,small,1,1,press-0,1,9780000,14,130,12,12,10,155,75,185
rtl-small-1-press-50,small,1,1,press-50,1,9830000,14,130,12.464983,12,10,155,75,185
rtl-small-1-held-200,small,1,1,held-200,1,9980000,14,130,15.6000004,12,10,155,75,185
rtl-small-1-release-0,small,1,1,release-0,0,9980000,14,130,15.6000004,12,10,155,75,185
rtl-small-1-release-50,small,1,1,release-50,0,10030000,17.6165352,130,15.1350174,12,10,155,75,185
rtl-small-1-settled-200,small,1,1,settled-200,0,10180000,42,130,12,12,10,155,75,185
